"","V1","X.Intercept.","std_EA033","X.Intercept..1","std_EA033.1","V6","n"
"bivariate_line","line_37 ~ std_EA033","0.3","0.24","1.14922909822712e-24","6.67611248793496e-06","-22.02",314
"spatial_line","line_37 ~ std_EA033","0.37","0.18","0","0","-80.9272829853593",314
"phylo_line","line_37 ~ std_EA033","0.3","0.19","2.65802951912389e-17","0.000831289528063167","-80.2225706525255",314
