"","V1","X.Intercept.","std_EA033","X.Intercept..1","std_EA033.1","V6","n"
"bivariate_line","line_7 ~ std_EA033","0.27","0.23","2.90469768149685e-08","0.0121069994652638","335.24",314
"spatial_line","line_7 ~ std_EA033","0.19","0.14","0","0","276.1765332871",314
"phylo_line","line_7 ~ std_EA033","0.27","0.11","2.11641064846307e-06","0.24695087017717","301.9207505482",314
