"","V1","X.Intercept.","std_EA031","X.Intercept..1","std_EA031.1","V6","n"
"bivariate_line","line_21 ~ std_EA031","0.7","-0.24","2.05512994065512e-45","2.01158695452578e-05","-68.87",148
"spatial_line","line_21 ~ std_EA031","0.67","-0.19","0","1","-70.1979254368865",148
"phylo_line","line_21 ~ std_EA031","0.7","-0.21","7.70478510442757e-40","0.000523369341974395","-70.6809977631761",148
