"","V1","X.Intercept.","std_EA033","X.Intercept..1","std_EA033.1","V6","n"
"bivariate_line","line_37 ~ std_EA033","0.3","0.24","3.18685021009964e-18","6.92281622422101e-05","-27.93",219
"spatial_line","line_37 ~ std_EA033","0.38","0.16","0","0","-66.2068444529565",219
"phylo_line","line_37 ~ std_EA033","0.28","0.22","8.95905565734034e-14","0.000450353551242333","-66.6616301850721",219
