"","V1","X.Intercept.","std_EA033","X.Intercept..1","std_EA033.1","V6","n"
"bivariate_line","line_7 ~ std_EA033","0.26","0.25","1.77545162969966e-08","0.00443144935212202","336.4",330
"spatial_line","line_7 ~ std_EA033","0.24","0.17","0","0","274.524789349907",330
"phylo_line","line_7 ~ std_EA033","0.27","0.16","4.71405580700656e-07","0.101381527065187","316.838178792465",330
