"","V1","X.Intercept.","std_EA031","X.Intercept..1","std_EA031.1","V6","n"
"bivariate_line","line_21 ~ std_EA031","0.69","-0.22","9.12688363811892e-63","2.7799441515805e-06","-84.17",209
"spatial_line","line_21 ~ std_EA031","0.64","-0.14","0","1","-103.650115254723",209
"phylo_line","line_21 ~ std_EA031","0.67","-0.13","1.46221579120471e-49","0.00969554015771334","-96.8479320419034",209
